front,back
【匂ふ】にほふ - 例文「春は藤波を見る。紫雲のごとくして、西方ににほふ。」の口語訳を答えなさい。,訳語：美しく照り映える。美しく輝く。 例文の訳：春は藤の花房が波のようになびくさまを見る。（阿弥陀仏が乗って来るという）紫雲のようで、西方に美しく照り映える。
【移ろふ】うつろふ - 例文「例よりはひきつくろひて書きて、うつろひたる菊にさしたり。」の口語訳を答えなさい。,訳語：色が変わる。（色が変わり）紅葉する。（葉や花が）散る。 例文の訳：いつもより（筆跡に）気を配って書いて、（その手紙を）色が変わった菊の花にさした。
【移ろふ】うつろふ - 例文「おのづから御心移ろひて、こよなう思し慰むやうなるも、あはれなるわざなりけり。」の口語訳を答えなさい。,訳語：（心が）移る。心変わりする。 例文の訳：（桐壺の更衣が亡くなり沈んでいた帝は）自然とお心が（藤壺へ）移って、この上なくお気持ちが慰められておいでのようなのも、しみじみとしたことであった。
【往ぬ・去ぬ】いぬ - 例文「男、「みやこへいなむ」といふ。」の口語訳を答えなさい。,訳語：行く。去る。 例文の訳：男は、「都へ行くつもりだ」と言う。
【往ぬ・去ぬ】いぬ - 例文「あはれ今年の秋もいぬめり」の口語訳を答えなさい。,訳語：（時が）過ぎ去る。 例文の訳：ああ、今年の秋も（むなしく）過ぎ去るようだ。
【遊ぶ】あそぶ - 例文「とりどりに物の音ども調べあはせて遊び給ふ、いとおもしろし。」の口語訳を答えなさい。,訳語：管絃を楽しむ。 例文の訳：それぞれ思い思いに楽器の音色を整えて管絃を楽しみなさるのは、とてもおもしろい。
【愛づ】めづ - 例文「良秀がよぢり不動とて、今に人々めで合へり。」の口語訳を答えなさい。,訳語：感嘆する。ほめる。たたえる。 例文の訳：「良秀のよじり不動」といって、今でも人々が感嘆し合っている。
【愛づ】めづ - 例文「人々の、花、蝶やとめづるこそ、はかなくあやしけれ。」の口語訳を答えなさい。,訳語：愛する。かわいがる。好む。 例文の訳：（世の）人々が、花よ蝶よと愛するのは、あさはかで奇妙なことだ。
【慣らふ・馴らふ】ならふ - 例文「ならはぬ鄙の住まひこそ、かねて思ふも悲しけれ。」の口語訳を答えなさい。,訳語：慣れる。習慣となる。 例文の訳：慣れない田舎の生活は、あらかじめ想像するのも悲しいことだ。
【慣らふ・馴らふ】ならふ - 例文「ここは、かく久しく遊びきこえて、慣らひたてまつれり。」の口語訳を答えなさい。,訳語：親しむ。なじむ。 例文の訳：ここ（地上の世界）では、このように長い間楽しく過ごし申し上げて、（育ててくれた竹取の翁や嫗にも）親しみ申し上げた。
【かしづく】 - 例文「親たちかしづき給ふこと限りなし。」の口語訳を答えなさい。,訳語：大切に養育する。 例文の訳：親たちが（虫めづる姫君を）大切に養育しなさることはこの上もない。
【かしづく】 - 例文「この猫を北面にも出ださず、思ひかしづく。」の口語訳を答えなさい。,訳語：大切に世話をする。 例文の訳：この猫を北向きの部屋（＝使用人の部屋）にも出さず、心にかけて大切に世話をする。
【頼む】たのむ［マ行四段］ - 例文「初心の人、二つの矢を持つことなかれ。後の矢を頼みて、初めの矢になほざりの心あり。」の口語訳を答えなさい。,訳語：あてにする。期待する。 例文の訳：（弓の）初心者は、二本の矢を持ってはならない。後の矢をあてにして、初めの矢（を射ること）においていい加減な気持ちがある。
【頼む】たのむ［マ行下二段］ - 例文「我を頼めて来ぬ男、角三つ生ひたる鬼になれ。」の口語訳を答えなさい。,訳語：あてにさせる。期待させる。 例文の訳：（逢いに来ると）私をあてにさせて（おきながら）やって来ない男よ、角が三本生えた鬼になれ。
【守る】まもる - 例文「下簾の狭間の開きたるより、この男まもれば、わが妻に似たり。」の口語訳を答えなさい。,訳語：見つめる。見守る。 例文の訳：（牛車の）下簾のすきまの開いている所から、この男が（車の中を）見つめると、自分の妻に似ている。
【聞こゆ】きこゆ - 例文「沖より舟どものうたひののしりて漕ぎ行くなども聞こゆ。」の口語訳を答えなさい。,訳語：聞こえる。（自然に）耳に入る。 例文の訳：沖を通っていくつもの舟が大声で歌いながら漕いで行くのなんかも聞こえる。
【聞こゆ】きこゆ - 例文「これ、昔、名高く聞こえたる所なり。」の口語訳を答えなさい。,訳語：世間に知られる。うわさされる。評判になる。 例文の訳：ここは、昔、有名で世間に知られた所である。
【聞こゆ】きこゆ - 例文「聞こえぬことども言ひつつよろめきたる、いとかはゆし。」の口語訳を答えなさい。,訳語：理解できる。意味がわかる。 例文の訳：（酒に酔って）理解できないことをいろいろ言いながらよろめいているのは、とても見るにたえない。
【おこす】 - 例文「せちによばひければあひにけり。その朝に文もおこせず。夜まで音もせず。」の口語訳を答えなさい。,訳語：よこす。送ってくる。 例文の訳：（平中が）しきりに言い寄ったので契った。その翌朝に手紙もよこさない。夜になるまで音沙汰もない。
【設く】まうく - 例文「大傘一つまうけよ。」の口語訳を答えなさい。,訳語：準備する。用意する。 例文の訳：大きな傘を一つ準備しろ。
【答ふ】いらふ - 例文「子三人を呼びて語りけり。二人の子は、情けなくいらへてやみぬ。」の口語訳を答えなさい。,訳語：答える。返事をする。 例文の訳：子三人を呼んで話をした。二人の子は、そっけなく答えて終わった（＝とりあわなかった）。
【渡る】わたる - 例文「今日は、宮の御方に昼渡り給ふ。」の口語訳を答えなさい。,訳語：行く。来る。通る。 例文の訳：今日は、女三の宮のお部屋へ昼間に行きなさる。
【渡る】わたる - 例文「おぼつかなく思しわたることの筋を聞こゆれば、いと奥ゆかしけれど、げに人目もしげし。」の口語訳を答えなさい。,訳語：〔補助動詞として〕（時間的に）ずっと（～する）。 例文の訳：（薫が）ずっと不審にお思いになっていたこと（＝薫自身の出生の秘密）の方面を（老女が）申し上げるので、もっと聞きたかったが、いかにも人目も多い。
【渡る】わたる - 例文「この宮は腹々に御子の宮たちあまたわたらせ給ひけり。」の口語訳を答えなさい。,訳語：〔「わたらせたまふ」の形で、「あり」「をり」の尊敬語〕いらっしゃる。 例文の訳：この宮は奥様方に御子の宮たちが大勢いらっしゃった。
【具す】ぐす - 例文「我をばいづちへ具して行かむとするぞ。」の口語訳を答えなさい。,訳語：（引き）連れる。つき従える。 例文の訳：私をどこに連れて行こうとするのか。
【具す】ぐす - 例文「我は一門に具して西国の方へ落ちゆくなり。」の口語訳を答えなさい。,訳語：つき従う。連れ立つ。 例文の訳：私は（平家）一門につき従って（＝一緒に）西国へ逃げていくのだ。
【具す】ぐす - 例文「不死の薬壺に文具して、御使ひに賜はす。」の口語訳を答えなさい。,訳語：添える。備える。備わる。 例文の訳：不死の薬の壺に手紙を添えて、御使いにお与えになる。
【訪ふ・弔ふ】とぶらふ - 例文「心ざし深かりける人、行きとぶらひけるを、正月の十日ばかりのほどに、ほかに隠れにけり。」の口語訳を答えなさい。,訳語：訪れる。訪ねる。 例文の訳：（ある女への）愛情が深かった男が、（女の所へ）行って訪れたのだが、正月十日あたりのころに、（女は）よそに姿をかくしてしまった。
【訪ふ・弔ふ】とぶらふ - 例文「大弐の乳母のいたくわづらひて尼になりにける、とぶらはむとて、五条なる家訪ねておはしたり。」の口語訳を答えなさい。,訳語：見舞う。安否を尋ねる。 例文の訳：大弐の乳母（＝光源氏の乳母）がひどく患って尼になったのを、見舞おうと思って、五条にある家を訪ねていらっしゃった。
【訪ふ・弔ふ】とぶらふ - 例文「維盛が後生をもとぶらへかし。」の口語訳を答えなさい。,訳語：弔問する。供養する。 例文の訳：維盛の来世（の幸せ）を（祈って）供養してくれよ。
【物す】ものす - 例文「日ごろものしつる人、今日ぞ帰りぬる。」の口語訳を答えなさい。,訳語：いる。ある。 例文の訳：数日来（私と一緒に）いた人が、今日帰ってしまう。
【物す】ものす - 例文「馬にてものせむ。」の口語訳を答えなさい。,訳語：行く。来る。 例文の訳：馬で行こう。
【物す】ものす - 例文「魚などものせよ。」の口語訳を答えなさい。,訳語：何かをする。（文脈に応じて訳す） 例文の訳：魚などを食べよ。
【わななく】 - 例文「いと恐ろしと思してわななき給ふ。」の口語訳を答えなさい。,訳語：ふるえる。 例文の訳：たいそう恐ろしいとお思いになってふるえなさる。
【わづらふ】 - 例文「寛大にして極まらざる時は、喜怒これにさはらずして、物のためにわづらはず。」の口語訳を答えなさい。,訳語：思い悩む。病気になる。 例文の訳：心が広く大らかで狭く限ることがないときは、喜怒の感情が邪魔となることなく、物事のために思い悩まない。
【わづらふ】 - 例文「漕ぎ上るに、川の水干て、悩みわづらふ。」の口語訳を答えなさい。,訳語：苦労する。難儀する。 例文の訳：（都に向けて淀川を船で）こぎ上るが、川の水が少なくなって、難儀し苦労する。
【わづらふ】 - 例文「勢多の橋みな崩れて、渡りわづらふ。」の口語訳を答えなさい。,訳語：〔補助動詞として〕～するのに困る。～しかねる。 例文の訳：勢多の橋がみな崩れて、渡るのに困る。
【惑ふ】まどふ - 例文「心地惑ひにけり。」の口語訳を答えなさい。,訳語：心が乱れる。途方に暮れる。あわてる。 例文の訳：気持ちが乱れてしまった。
【惑ふ】まどふ - 例文「風の吹きまどひたるさま、恐ろしげなること、命かぎりつと思ひまどはる。」の口語訳を答えなさい。,訳語：〔動詞の連用形に付いて〕ひどく（～する）。 例文の訳：風がひどく吹いているさまの、恐ろしげなことは、命もおしまいだと気が動転してしまう。
【被く】かづく［カ行四段］ - 例文「大将も物かづき、忠岑も禄賜はりなどしけり。」の口語訳を答えなさい。,訳語：（ほうびを）いただく。かぶる。 例文の訳：大将も物をいただき、忠岑もほうびをいただくなどした。
【被く】かづく［カ行下二段］ - 例文「郎等までに物かづけたり。」の口語訳を答えなさい。,訳語：（ほうびを）与える。かぶせる。 例文の訳：従者にいたるまでに物を与えた。
【失す】うす - 例文「翁を、いとほし、かなしと思しつることも失せぬ。」の口語訳を答えなさい。,訳語：消える。無くなる。 例文の訳：（かぐや姫は、天の羽衣を着ると）翁を、気の毒だ、かわいそうだとお思いになっていたことも（心から）消えてしまった。
【失す】うす - 例文「その人、ほどなく失せにけりと聞き侍りし。」の口語訳を答えなさい。,訳語：亡くなる。死ぬ。 例文の訳：その人は、間もなく亡くなったと聞きました。
【行ふ】おこなふ - 例文「持仏据ゑたてまつりて行ふ尼なりけり。」の口語訳を答えなさい。,訳語：仏道の修行をする。勤行する。 例文の訳：持仏を安置申し上げて仏道の修行をする尼であった。
【おもしろし】 - 例文「その沢にかきつばたいとおもしろく咲きたり。」の口語訳を答えなさい。,訳語：（景色などが）すばらしい。趣がある。 例文の訳：その沢にかきつばたがたいそうすばらしく咲いている。
【あらまほし】 - 例文「墨染めの御姿あらまほしう清らなるも、うらやましく見たてまつり給ふ。」の口語訳を答えなさい。,訳語：理想的だ。好ましい。 例文の訳：黒い僧衣のお姿が理想的に上品で美しいのも、うらやましく見申し上げなさる。
【やむごとなし】 - 例文「この山に籠りゐて後、やむごとなき人のかくれ給へるもあまた聞こゆ。」の口語訳を答えなさい。,訳語：高貴だ。尊い。大切だ。 例文の訳：（私が）この山に（庵を作って）こもってからあと、高貴な方々がお亡くなりになったことも数多く耳に入る。
【やむごとなし】 - 例文「身の才やむごとなくして、公につかまつりけるほどに、道心をおこして出家せるなり。」の口語訳を答えなさい。,訳語：この上ない。並々でない。 例文の訳：学才がこの上なくて、朝廷にお仕えしていたときに、信仰心を起こして出家したのである。
【ゆゆし】 - 例文「ゆゆしき身に侍れば、（若宮ガ）かくておはしますも、いまいましう、かたじけなくなむ。」の口語訳を答えなさい。,訳語：不吉だ。不吉なほど美しい。恐ろしい。 例文の訳：（私は娘に先立たれた）不吉な身ですので、若宮がこうして（私と一緒に）いらっしゃるのも、縁起でもなく、おそれ多いことです。
【ゆゆし】 - 例文「かたちなむまことにいとうつくしう、ゆゆしきまでものし給ひける。」の口語訳を答えなさい。,訳語：すばらしい。立派だ。（本文では「不吉なほど美しい」の意） 例文の訳：容貌は実にたいそうかわいらしく、不吉なほど美しくていらっしゃった。
【畏し・恐し】かしこし - 例文「帝の御位は、いともかしこし。」の口語訳を答えなさい。,訳語：おそれ多い。もったいない。 例文の訳：帝の御位は、とてもおそれ多い。
【賢し】かしこし - 例文「寺をこそ、いとかしこく造りたなれ。」の口語訳を答えなさい。,訳語：すばらしい。立派だ。好都合だ。 例文の訳：寺を、実にすばらしく造ったそうだ。
【うるはし】 - 例文「その日の、髪上げうるはしき姿、唐絵ををかしげに描きたるやうなり。」の口語訳を答えなさい。,訳語：端正だ。きちんとしている。立派だ。 例文の訳：その日の（内侍の）髪を結いあげた端正な姿は、まるで中国風の絵を美しく描いたようだ。
【うるはし】 - 例文「昔、男、いとうるはしき友ありけり。」の口語訳を答えなさい。,訳語：親しい。 例文の訳：昔、男が、たいそう親しい友人を持っていた。
【はかなし】 - 例文「鳥辺山谷に煙の燃え立たばはかなく見えし我と知らなむ」の口語訳を答えなさい。,訳語：頼りない。あっけない。むなしい。 例文の訳：鳥辺山の谷間に煙が燃え立ったならば、頼りなく見えた私（を火葬する煙）だと知ってほしい。
【はかなし】 - 例文「梨の花、世にすさまじきものにして、近うもてなさず、はかなき文付けなどだにせず。」の口語訳を答えなさい。,訳語：ちょっとした。とるに足りない。 例文の訳：梨の花は、実に興ざめなものとして、身近にもてはやさず、ちょっとした手紙を結びつけたりさえしない。
【はかばかし】 - 例文「取りたてて、はかばかしき後見しなければ、事ある時は、なほ拠りどころなく心細げなり。」の口語訳を答えなさい。,訳語：しっかりしている。頼もしい。 例文の訳：格別に、しっかりした後ろ盾がないので、何かあらたまった事があるときは、やはり頼るあてもなく心細そうだ。
【やさし】 - 例文「いみじうやさしかりける人の妻に成りにけり。」の口語訳を答えなさい。,訳語：優雅だ。上品だ。風流だ。 例文の訳：たいそう優雅だった人の妻になった。
【やさし】 - 例文「やさしう申したるものかな。」の口語訳を答えなさい。,訳語：けなげだ。殊勝だ。感心だ。 例文の訳：けなげに申したことよ。
【いはけなし】 - 例文「いといはけなき御ありさまなれば、乳母たち近くさぶらひけり。」の口語訳を答えなさい。,訳語：幼い。あどけない。 例文の訳：（女三の宮は）ひどく幼いご様子なので、乳母たちがおそば近くに控えていた。
【かたはらいたし】 - 例文「すべて、いとも知らぬ道の物語したる、かたはらいたく聞きにくし。」の口語訳を答えなさい。,訳語：見苦しい。苦々しい。 例文の訳：何事でも、たいして知らない方面の話をしているのは、（はたで聞いていて）見苦しく聞き苦しいものだ。
【かたはらいたし】 - 例文「簀子はかたはらいたければ、南の廂に入れたてまつる。」の口語訳を答えなさい。,訳語：気の毒だ。心苦しい。 例文の訳：縁側は気の毒なので、（姫君は源氏を）南の廂の間にお入れする。
【心もとなし】こころもとなし - 例文「心地の悪しく、ものの恐ろしきをり、夜の明くるほど、いと心もとなし。」の口語訳を答えなさい。,訳語：待ち遠しい。じれったい。 例文の訳：気分が悪く、何となく恐ろしい感じがするとき、夜が明ける時が、ひどく待ち遠しい。
【心もとなし】こころもとなし - 例文「心もとなき日数重なるままに、白河の関にかかりて、旅心定まりぬ。」の口語訳を答えなさい。,訳語：不安だ。心配だ。 例文の訳：不安な日数が重なるうちに、白河の関にさしかかって、（やっと）旅に徹する心が定まった。
【いとほし】 - 例文「熊谷、あまりにいとほしくて、いづくに刀を立つべしともおぼえず。」の口語訳を答えなさい。,訳語：かわいそうだ。気の毒だ。 例文の訳：熊谷は、あまりにかわいそうで、どこに刀を突き立てたらよいかもわからない。
【いとほし】 - 例文「これは故殿のいとほしくし給ひし者なり。」の口語訳を答えなさい。,訳語：かわいい。いとしい。 例文の訳：これは亡くなった殿がかわいく思いなさった者である。
【あさまし】 - 例文「かかる人も世に出でおはするものなりけりと、あさましきまで目を驚かし給ふ。」の口語訳を答えなさい。,訳語：驚きあきれるほどだ。 例文の訳：このような人もこの世に生まれておいでになるものだったのだなと、驚きあきれるほどまでに目をみはりなさる。
【あさまし】 - 例文「まこと蓬萊の木かとこそ思ひつれ。かくあさましき虚言にてありければ、はや返し給へ。」の口語訳を答えなさい。,訳語：あきれるほどひどい。 例文の訳：本当に蓬萊の木かと思った。このようにあきれるほどひどい噓であったのだから、早くお返しください。
【いたし】 - 例文「夕暮れのいたう霞みたるにまぎれて、かの小柴垣のもとに立ち出で給ふ。」の口語訳を答えなさい。,訳語：〔連用形「いたく」「いたう」の形で〕とても。たいそう。 例文の訳：夕暮れのとてもかすんでいるのに紛れて、例の小柴垣のそばへお出かけになる。
【いたし】 - 例文「我がため面目あるやうに言はれぬる虚言は、人いたくあらがはず。」の口語訳を答えなさい。,訳語：〔打消を伴って〕たいして（～ない）。それほど（～ない）。 例文の訳：自分にとって名誉になるように（他人から）言われた噓は、人はたいして言い争って否定しないものだ。
【つれなし】 - 例文「やすからず思されけれど、なほつれなく同じさまにて過ぐし給ふ。」の口語訳を答えなさい。,訳語：平然としている。そ知らぬふりをしている。 例文の訳：穏やかでなくお思いになったけれど、やはり平然として（常と）同じ様子でお過ごしになる。
【つれなし】 - 例文「昔、男、つれなかりける女にいひやりける。」の口語訳を答えなさい。,訳語：冷淡だ。薄情だ。 例文の訳：昔、ある男が、（自分に）冷淡だった女に詠んで贈った（歌）。
【あいなし】 - 例文「まだきに騒ぎて、あいなきもの恨みし給ふな。」の口語訳を答えなさい。,訳語：筋違いだ。具合が悪い。 例文の訳：まだその時にならないうちに騒ぎ立てて、筋違いな恨みごとをなさいますな。
【あいなし】 - 例文「あまりに興あらんとすることは、必ずあいなきものなり。」の口語訳を答えなさい。,訳語：つまらない。おもしろくない。 例文の訳：あまりにおもしろくしようとすることは、必ずつまらないものである。
【あぢきなし】 - 例文「あぢきなきことに心を占めて、生ける限りこれを思ひ悩むべきなめり。」の口語訳を答えなさい。,訳語：どうにもならない。無益だ。 例文の訳：どうにもならないことに心を奪われて、生きている間はこれを悩まなければならないようだ。
【さがなし】 - 例文「さるさがなきえびす心を見ては、いかがはせむは。」の口語訳を答えなさい。,訳語：性質がよくない。意地が悪い。 例文の訳：そんな性質がよくない野蛮な心を見たって、どうしようか（いや、どうしようもない）。
【さがなし】 - 例文「さがなき童べどものつかまつりける、奇怪にさうらふことなり。」の口語訳を答えなさい。,訳語：いたずらだ。 例文の訳：いたずらな子どもらがいたした、けしからぬことでございます。
【すさまじ】 - 例文「遅桜、またすさまじ。」の口語訳を答えなさい。,訳語：興ざめだ。 例文の訳：遅咲きの桜は、これまた興ざめだ。
【言ふ甲斐無し】いふかひなし - 例文「聞きしよりもまして、言ふかひなくぞこぼれ破れたる。」の口語訳を答えなさい。,訳語：どうしようもない。言ってもしかたがない。 例文の訳：（家は）聞いていた以上に、どうしようもなく壊れ損じている。
【言ふ甲斐無し】いふかひなし - 例文「『飽かず口惜し』と、言ふかひなき法師、童べも、涙を落としあへり。」の口語訳を答えなさい。,訳語：取るに足りない。たわいない。 例文の訳：「心残りで残念だ」と、取るに足りない（＝身分の低い）法師や、子どもの召使いも、涙を流し合っている。
【よしなし】 - 例文「あらぬよしなき者の名のりして来たるも、返す返すもすさまじといふはおろかなり。」の口語訳を答えなさい。,訳語：関係がない。いわれがない。理由がない。 例文の訳：（来るのを待っていた恋人とは）別の関係がない人が名のってやって来たのも、本当に興ざめだという言葉では言い尽くせない。
【よしなし】 - 例文「男、血の涙を流せども、とどむるよしなし。」の口語訳を答えなさい。,訳語：方法がない。しかたがない。 例文の訳：男は、血の涙を流すけれど、（女を）引き留める方法がない。
【便無し】びんなし - 例文「今日はいと便なくなむ侍るべき。」の口語訳を答えなさい。,訳語：都合が悪い。不都合だ。 例文の訳：（姫を連れ出すには）今日は本当に都合が悪くございましょう。
【さうざうし】 - 例文「この酒をひとり食べんがさうざうしければ、申しつるなり。」の口語訳を答えなさい。,訳語：物足りない。心寂しい。 例文の訳：この酒を一人で飲むようなのが物足りないので、お呼びしたのです。
【むつかし】 - 例文「女君は、暑くむつかしとて、御髪すまして、少しさはやかにもてなし給へり。」の口語訳を答えなさい。,訳語：うっとうしい。不快だ。 例文の訳：女君（＝紫の上）は、暑くうっとうしいといって、御髪を洗って、少しさわやかにふるまっておられる。
【むつかし】 - 例文「用ありて行きたりとも、そのこと果てなば、とく帰るべし。久しくゐたる、いとむつかし。」の口語訳を答えなさい。,訳語：わずらわしい。面倒だ。 例文の訳：用事があって（人の所へ）行ったとしても、その用事が終わったならば、すぐに帰るのがよい。長居をしているのは、（相手にとって）とてもわずらわしい。
【貴なり】あてなり - 例文「一人はいやしき男の貧しき、一人はあてなる男もたりけり。」の口語訳を答えなさい。,訳語：身分が高い。高貴だ。 例文の訳：（姉妹のうちの）一人は身分の低い男で貧しい男を、もう一人は身分の高い男を夫としていた。
【清らなり】きよらなり - 例文「世になく清らなる玉の男皇子さへ生まれ給ひぬ。」の口語訳を答えなさい。,訳語：美しい。華麗だ。 例文の訳：世にまたとなく美しい玉のような皇子までがお生まれになった。
【更なり】さらなり - 例文「夏は夜。月のころはさらなり。」の口語訳を答えなさい。,訳語：（いまさら）言うまでもない。もちろんだ。 例文の訳：夏は夜（が趣深い）。月の出ているころは言うまでもない。
【顕はなり】あらはなり - 例文「こなたはあらはにや侍らむ。今日しも端におはしましけるかな。」の口語訳を答えなさい。,訳語：まる見えだ。 例文の訳：こちらはまる見えではございませんか。今日に限って端近なところにいらっしゃいましたね。
【あからさまなり】 - 例文「をかしげなる児の、あからさまに抱きて遊ばしうつくしむほどに、かい付きて寝たる、いとらうたし。」の口語訳を答えなさい。,訳語：ちょっとの間だ。ちょっと。 例文の訳：かわいらしい幼児が、ちょっとの間抱いて遊ばせかわいがっているうちに、抱きついて寝てしまったのは、とてもかわいい。
【頑ななり】かたくななり - 例文「ことにかたくななる人ぞ、「この枝、かの枝、散りにけり。今は見所なし」などは言ふめる。」の口語訳を答えなさい。,訳語：情趣を解さない。教養がない。 例文の訳：特に情趣を解さない人に限って、「この枝もあの枝も（花が）散ってしまった。もはや見る価値のあるところもない」などと言うようだ。
【徒なり】あだなり - 例文「露をなどあだなる物と思ひけむ」の口語訳を答えなさい。,訳語：はかない。むなしい。 例文の訳：露をどうしてはかないものと思っていたのだろう。
【徒なり】あだなり - 例文「いとまめに実用にて、あだなる心なかりけり。」の口語訳を答えなさい。,訳語：不誠実だ。浮気だ。 例文の訳：大変まじめで実直で、不誠実な心はなかった。
【漫ろなり】すずろなり - 例文「昔、男、陸奥の国にすずろに行きいたりにけり。」の口語訳を答えなさい。,訳語：あてもない。わけもない。 例文の訳：昔、ある男が、奥州へあてもなく行き着いた。
【漫ろなり】すずろなり - 例文「つた、かへでは茂り、もの心細く、すずろなるめを見ることと思ふに、修行者あひたり。」の口語訳を答えなさい。,訳語：思いがけない。無関係だ。つまらない。 例文の訳：つたやかえでは茂り、何となく心細く、思いがけない（つらい）めに遭うことだと思っていると、修行者が（男に）出会った。
【無下なり】むげなり - 例文「いかに殿ばら、殊勝のことは御覧じとがめずや。むげなり。」の口語訳を答えなさい。,訳語：まったくひどい。最低だ。 例文の訳：なんと皆さん、（この）すばらしいことをお見とがめにならないのですか。（それでは）まったくひどい。
【領る】しる - 例文「昔、男、初冠して、平城の京、春日の里に、しるよしして、狩りに往にけり。」の口語訳を答えなさい。,訳語：（土地を）領有する。（国を）治める。 例文の訳：昔、ある男が、元服して、奈良の都の、春日の里に、土地を領有する縁で、鷹狩りに行った。
【あくがる】 - 例文「ある暮れ方に都を出でて、嵯峨の方へぞあくがれ行く。」の口語訳を答えなさい。,訳語：さまよい出る。 例文の訳：（横笛は）ある夕暮れに都を出て、嵯峨の方へさまよい出て行く。
【あくがる】 - 例文「もの思ふ人の魂はげにあくがるるものになむありける。」の口語訳を答えなさい。,訳語：（魂が）宙にさまよう。 例文の訳：もの思いに沈む人の魂は本当に宙にさまようものであったのだ。
【休らふ】やすらふ - 例文「そのころ、宋朝よりすぐれたる名医わたつて、本朝にやすらふことあり。」の口語訳を答えなさい。,訳語：立ち止まる。とどまる。 例文の訳：そのころ、宋の国からすぐれた名医がやって来て、日本にとどまることがある。
【休らふ】やすらふ - 例文「院宣宣旨のなりたるに、しばしもやすらふべからず。」の口語訳を答えなさい。,訳語：ためらう。躊躇する。 例文の訳：上皇の命令が下されたのだから、ちょっとの間もためらうべきでない。
【うち出づ】うちいづ - 例文「何事をかうちいづる言の葉にせん。」の口語訳を答えなさい。,訳語：口に出して言う。 例文の訳：（交際もせず仲人の仲介によって結婚した男女は）どんなことを口に出して言う言葉にするのだろうか。
【やつす】 - 例文「御様をやつし、いやしき下﨟のまねをして、日吉社に御参籠あつて、七日七夜が間、祈り申させ給ひけり。」の口語訳を答えなさい。,訳語：地味な格好にする。目立たない様子をする。 例文の訳：（関白殿の奥様は）ご様子を地味な格好にし、身分の低い者のふりをして、日吉社に参籠なさって、七日七夜の間、お祈り申し上げなさった。
【音なふ】おとなふ - 例文「遣水心細く、音細くおとなひたり。」の口語訳を答えなさい。,訳語：音を立てる。声を立てる。 例文の訳：遣水が心細く流れ、水の音がか細く音を立てている。
【音なふ】おとなふ - 例文「むすめ多かりと聞きて、なま君達めく人々もおとなひ言ふ、いとあまたありけり。」の口語訳を答えなさい。,訳語：手紙を出す。訪れる。 例文の訳：（常陸の守には）娘が大勢いると聞いて、ちょっと貴族の子弟風の人々が手紙を出し言い寄ることが、とてもたくさんあった。
【側む】そばむ - 例文「やんごとなき女房の、うちそばみてゐ給へるを見給へば、わが思ふ人なり。」の口語訳を答えなさい。,訳語：横を向く。 例文の訳：高貴な女性が、ちょっと横を向いて座っていらっしゃるのを（中将は）ご覧になると、自分の恋い慕う人である。
【語らふ】かたらふ - 例文「その（＝弘徽殿の）御方に、うちふしといふ者の娘、左京といひて候ひけるを、源中将かたらひてなむと、人々笑ふ。」の口語訳を答えなさい。,訳語：交際する。親しくする。 例文の訳：弘徽殿のお所で、うちふしという者の娘で、左京と言ってお仕えしていた女と、源中将が交際して（いる）と、人々は笑う。
【住む】すむ - 例文「すみける男、夜深く来ては、まだ暁に帰りなどす。」の口語訳を答えなさい。,訳語：（男が女のもとに）通う。 例文の訳：通っていた男は、（女のもとに）夜遅く来ては、まだ夜明け前に帰りなどする。
【障る】さはる - 例文「十一月、十二月の降り凍り、六月の照りはたたくにも、さはらず来たり。」の口語訳を答えなさい。,訳語：妨げられる。差し支える。 例文の訳：（男たちは）陰暦十一月、十二月の雪が降ったり氷が張ったり、六月の日が照ったり雷が鳴ったりするときにも、妨げられず（かぐや姫の家に）やって来た。
【饗す】あるじす - 例文「すさまじきもの。…方違へに行きたるに、あるじせぬ所。」の口語訳を答えなさい。,訳語：客にごちそうする。客をもてなす。 例文の訳：興ざめなもの。…方違えで（泊まりに）行ったのに、客にごちそうしない所。
【もてなす】 - 例文「侮らはしげにもてなす（連中）は、めざましうて、なげのいらへをだにせさせ給はず。」の口語訳を答えなさい。,訳語：振る舞う。 例文の訳：見くだすように振る舞う連中は、気に入らなくて、（八の宮は姫君達に）かりそめの返事さえも書かせなさらない。
【もてなす】 - 例文「なほきこえ給へ。わざと懸想だちてももてなさじ。」の口語訳を答えなさい。,訳語：取り扱う。取り計らう。 例文の訳：やはり（返事の手紙を）差し上げて下さい。特別に恋文らしくも取り扱うまい。
【興ず】きようず - 例文「よき人は、ひとへに好けるさまにも見えず、興ずるさまもなほざりなり。」の口語訳を答えなさい。,訳語：おもしろがる。 例文の訳：身分が高く教養のある人は、ひたすら情趣を好むようにも見えず、おもしろがる様子もほどほどである。
【およすぐ】 - 例文「あこぎ、おとなになりね。いと心およすげためり。」の口語訳を答えなさい。,訳語：成長する。大人になる。 例文の訳：あこぎ、ぜひ一人前の女房になっておくれ。たいそう心が成長したようだ。
【およすぐ】 - 例文「『何とまれ、言へかし』とのたまふを、人々もおよすげて見奉る。」の口語訳を答えなさい。,訳語：大人びる。ませる。 例文の訳：（幼い天皇が）「何でもいいから、和歌を詠んでおくれよ」とおっしゃるのを、人々も大人びているとお見受けする。
【時めく】ときめく - 例文「いづれの御時にか、女御、更衣 あまたさぶらひ給ひける中に、いとやむごとなき際にはあらぬが、すぐれて時めき給ふありけり。」の口語訳を答えなさい。,訳語：寵愛を受ける。時流に乗って栄える。 例文の訳：どの帝の御世であったか、女御や更衣が大勢お仕え申し上げなさっていた中に、それほど高貴な身分ではない方で、とりわけ（帝の）寵愛を受けていらっしゃる方がいた。
【避る】さる - 例文「道もさりあへず立つ折もあるぞかし。」の口語訳を答えなさい。,訳語：避ける。のがれる。 例文の訳：（隆家殿の邸の門前には）道も避けきれないほど（車が）とまる時もあるのだよ。
【避る】さる - 例文「かの左衛門督はえなられじ。また、そこにさられば、こと人こそはなるべかなれ。」の口語訳を答えなさい。,訳語：断る。辞退する。 例文の訳：あの左衛門督は（中納言に）おなりになることはできないだろう。また、あなたがお断りになるのならば、違う人がなるだろうということだ。
【困ず】こうず - 例文「知らぬわざしてまろも困じにたり。そこも眠たげに思ほしためり。」の口語訳を答えなさい。,訳語：疲れる。疲労する。 例文の訳：慣れないことをして私も疲れてしまった。あなたも眠たそうに思っていらっしゃるようだ。
【搔き暗す】かきくらす - 例文「何とにかあらむ、かきくらして涙こぼるる。」の口語訳を答えなさい。,訳語：悲しみが心を暗くする。涙が目の前を暗くする。 例文の訳：（手紙を書いていると）何ということであろうか、悲しみが心を暗くして涙がこぼれる。
【憂ふ・愁ふ】うれふ - 例文「乞食、路のほとりに多く、憂へ悲しむ声耳に満てり。」の口語訳を答えなさい。,訳語：訴える。悲しみ嘆く。 例文の訳：物乞いをする人が、道ばたに多くいて、訴え悲しむ声が至る所で聞こえる。
【託つ】かこつ - 例文「舟の中にや老いをばかこつらむ。」の口語訳を答えなさい。,訳語：不平を言う。文句を言う。 例文の訳：（大蔵卿は）舟の中で今老いたわが身に不平を言っているだろうか。
【労る】いたはる - 例文「折ふしいたはること候ひて下り候はず。」の口語訳を答えなさい。,訳語：病気になる。疲労する。 例文の訳：（宗清は）ちょうど病気になることがございまして（鎌倉へは）下向しておりません。
【労る】いたはる - 例文「常の使ひよりは、この人よくいたはれ。」の口語訳を答えなさい。,訳語：世話をする。 例文の訳：いつもの使者以上に、この方を大切に世話しなさい。
【ためらふ】 - 例文「なやましう侍りつれば、しばしためらひて。」の口語訳を答えなさい。,訳語：静養する。病勢を抑える。 例文の訳：気分が悪うございましたので、しばらく静養して。
【ためらふ】 - 例文「ややためらひて仰せ言伝へきこゆ。」の口語訳を答えなさい。,訳語：気を静める。感情を抑える。 例文の訳：（命婦は）少し気を静めて（天皇の）お言葉をお伝え申し上げる。
【怠る】おこたる - 例文「日ごろ月ごろしるきことありてなやみわたるが、おこたりぬるもうれし。」の口語訳を答えなさい。,訳語：病気がよくなる。病気が快方に向かう。 例文の訳：何日も何か月もはっきりした症状があってずっと病をわずらっていたのが、病気がよくなったのもうれしい。
【悩む】なやむ - 例文「身にやむごとなく思ふ人のなやむを聞きて、いかにいかにとおぼつかなきことを嘆くに、おこたりたる由、消息聞くもいとうれし。」の口語訳を答えなさい。,訳語：病気で苦しむ。気分がすぐれなくなる。 例文の訳：わが身にとって大切に思う人が病気で苦しむのを聞いて、どんなかどんなかと心配なことを嘆くときに、病気がよくなったということを、伝え聞くのもとてもうれしい。
【後る・遅る】おくる - 例文「人におくれて、四十九日の仏事に、ある聖を請じ侍りしに、説法いみじくして、皆人涙を流しけり。」の口語訳を答えなさい。,訳語：先立たれる。先に死なれる。 例文の訳：人に先立たれて、四十九日目の法事に、ある僧を招きましたところ、説法がとてもありがたくて、だれもが涙を流した。
【認む】したたむ - 例文「果ての日は、いと情けなう、互ひに言ふこともなく、我かしこげに物ひきしたため、ちりぢりに行き別れぬ。」の口語訳を答えなさい。,訳語：処理する。整理する。 例文の訳：（死後の供養の）最後の日は、実に人情味なく、互いに口をきくこともなく、われがちに物をてきぱき処理し、散り散りに離れ去ってしまう。
【惜し】あたらし - 例文「御かたちいと清げに、あまりあたらしきさまして、物より抜け出でたるやうにぞおはせし。」の口語訳を答えなさい。,訳語：もったいない。惜しい。 例文の訳：（道頼殿は）ご容貌がとても美しく、（この世には）あまりにももったいない様子で、物語の絵から抜け出してきたようでいらっしゃった。
【かたじけなし】 - 例文「かくやうのこと（＝政界の裏話）は、人中にて、下﨟の申すにいとかたじけなし。」の口語訳を答えなさい。,訳語：おそれ多い。もったいない。 例文の訳：こういう政界の裏話は、人中で、身分の低い者が申し上げるのには実におそれ多い。
【かたじけなし】 - 例文「かたじけなくも御硯召し寄せて、みづから御返事あそばされけり。」の口語訳を答えなさい。,訳語：ありがたい。もったいない。 例文の訳：（女院は）ありがたくもお硯を取り寄せなさって、（女房の小宰相に代わって）ご自身でお返事をなさった。
【痴がまし】をこがまし - 例文「老い衰へて世に出で交じらひしは、をこがましく見えしかば、われはかくて閉ぢこもりぬべきぞ。」の口語訳を答えなさい。,訳語：愚かしい。みっともない。 例文の訳：老い衰えて世間に出て宮仕えしていた人は、愚かしく見えたので、私はこのまま隠退してしまうつもりだ。
【心憎し】こころにくし - 例文「後の世のこと心に忘れず、仏の道うとからぬ、こころにくし。」の口語訳を答えなさい。,訳語：奥ゆかしい。 例文の訳：来世のことを心に忘れることなく、仏道に無関心でない人は、奥ゆかしい。
【賢し】さかし - 例文「こと人々の（歌）もありけれど、さかしき（歌）もなかるべし。」の口語訳を答えなさい。,訳語：気が利いている。才気がある。 例文の訳：違う人々の歌もあったが、気が利いている歌もないだろう。
【賢し】さかし - 例文「雷の鳴り閃く様さらに言はむ方なくて、落ちかかりぬとおぼゆるに、ある限りさかしき人なし。」の口語訳を答えなさい。,訳語：気がしっかりしている。気丈だ。 例文の訳：雷の鳴り閃く様はまったく言いようもなくて、落ちかかってしまうと思われるので、そこにいるだれ一人として気がしっかりしている人はいない。
【好き好きし】すきずきし - 例文「なほしるべせよ。我はすきずきしき心などなき人ぞ。」の口語訳を答えなさい。,訳語：好色めいている。色好みだ。 例文の訳：やはり（姫君の部屋に）案内しておくれ。私は好色めいた心などない人間だ。
【好き好きし】すきずきし - 例文「すきずきしき方のみにあらず、土御門の御日記とて、世の中の鏡となむ承る。」の口語訳を答えなさい。,訳語：風流だ。物好きだ。 例文の訳：（源師房卿は）風流な方面だけでなく、『土御門の御日記』という名で、世の中の規範（を残した）とお聞きしている。
【なまめかし】 - 例文「小少将の君は、そこはかとなくあてになまめかしう、二月ばかりのしだり柳のさましたり。」の口語訳を答えなさい。,訳語：優美だ。みずみずしい。 例文の訳：小少将の君は、どことなく上品で優美で、二月ごろの（芽ぶいたばかりの）しだれ柳のような風情をしている。
【今めかし】いまめかし - 例文「なかなか長きよりもこよなういまめかしきものかな。」の口語訳を答えなさい。,訳語：現代風だ。当世風だ。 例文の訳：（尼の短めの髪も）かえって長い髪よりも格段に現代風なものだなあ。
【しどけなし】 - 例文「女のなつかしきさまにてしどけなう弾きたるこそをかしけれ。」の口語訳を答えなさい。,訳語：無造作だ。気楽な感じだ。 例文の訳：（琴は）女が好ましい様子で無造作に弾いているのが趣深い。
【しどけなし】 - 例文「世もいまだ静まり候はねば、しどけなき事もぞ候ふとて、御迎へに参つて候ふ。」の口語訳を答えなさい。,訳語：乱れている。だらしがない。 例文の訳：世の中もまだ平穏になっていませんので、乱れた事があると困ると思って、お迎えに参上しました。
【つきづきし】 - 例文「冬はつとめて。…いと寒きに、火などいそぎおこして、炭もてわたるもいとつきづきし。」の口語訳を答えなさい。,訳語：似つかわしい。ふさわしい。 例文の訳：冬は早朝（がよい）。…とても寒い朝に、火などを急いでおこして、炭を持って行き来する姿も実に（冬の朝に）似つかわしい。
【なつかし】 - 例文「よろしき男を、下衆女などのほめて、「いみじうなつかしうおはします」など言へば、やがて思ひおとされぬべし。」の口語訳を答えなさい。,訳語：好ましい。感じがよい。 例文の訳：それ相応の身分の男を、身分の低い女などがほめて、「とても好ましくいらっしゃる」などと言うと、途端に（男は）見下されてしまうにちがいない。
【目安し】めやすし - 例文「命長ければ恥多し。長くとも四十に足らぬほどにて死なむこそ、めやすかるべけれ。」の口語訳を答えなさい。,訳語：見苦しくない。感じよい。 例文の訳：命が長いと恥が多い。たとえ長生きするとしても四十歳にならないうちに死ぬのが、見苦しくないだろう。
【心安し】こころやすし - 例文「今ぞ心やすく黄泉路もまかるべき。」の口語訳を答えなさい。,訳語：安心だ。 例文の訳：今は安心してあの世にも旅立てるだろう。
【心安し】こころやすし - 例文「この位去りて、ただ心やすくてあらむ。」の口語訳を答えなさい。,訳語：気楽だ。気安い。 例文の訳：この（皇太子の）位を譲って、ただ気楽な状態でいよう。
【後ろめたし】うしろめたし - 例文「乳母替へてむ。いとうしろめたし。」の口語訳を答えなさい。,訳語：心配だ。気がかりだ。 例文の訳：乳母を替えてしまおう。とても心配だ。
【心苦し】こころぐるし - 例文「風の便りの言伝ても絶えて久しくなりければ、何となりぬることやらむと、心苦しうぞ思はれける。」の口語訳を答えなさい。,訳語：つらい。心配だ。 例文の訳：（維盛卿の奥様は）風の便りの消息も絶えて久しくなったので、（夫は）どうなったことだろうかと、つらく思われた。
【心苦し】こころぐるし - 例文「君は、思し怠る時の間もなく、心苦しくも恋しくも思し出づ。」の口語訳を答えなさい。,訳語：気の毒だ。見ていてつらい。 例文の訳：（源氏の）君は、お忘れになるわずかの時もなく、気の毒にも恋しくも（空蟬のことを）思い出しなさる。
【まばゆし】 - 例文「上達部・上人などもあいなく目をそばめつつ、いとまばゆき人の御おぼえなり。」の口語訳を答えなさい。,訳語：見ていられない。目をそむけたいほどだ。 例文の訳：公卿や殿上人なども苦々しく目をそらしては、とても見ていられないほどの（桐壺の更衣に対する帝の）ご寵愛である。
【まばゆし】 - 例文「はかなき御いらへも心やすく聞こえむもまばゆしかし。」の口語訳を答えなさい。,訳語：恥ずかしい。照れくさい。 例文の訳：（普通の人は源氏に対する）ちょっとしたお返事も気軽に申し上げることも恥ずかしいよ。
【恥づかし】はづかし - 例文「はづかしき人の、歌の本末問ひたるに、ふとおぼえたる、我ながらうれし。」の口語訳を答えなさい。,訳語：（こちらが気後れするほど）立派だ。すぐれている。 例文の訳：（こちらが気後れするほど）立派な人が、和歌の上の句・下の句を（私に）尋ねた際に、すっと思い出されたときは、われながらうれしい。
【拙し】つたなし - 例文「つたなく弾きて、弾きおほせざれば、腹立ちて鳴らぬなり。」の口語訳を答えなさい。,訳語：下手だ。拙劣だ。 例文の訳：（玄象という名の琵琶は）下手に弾いて、十分に弾きこなせないと、腹を立てて音を立てないのである。
【拙し】つたなし - 例文「ただこれ天にして、汝が性のつたなきを泣け。」の口語訳を答えなさい。,訳語：不運だ。運が悪い。 例文の訳：（捨て子よ、親に捨てられたのは）ただ天命であって、おまえの宿命が不運なことを泣きなさい。
【こちたし】 - 例文「鶴は、いとこちたきさまなれど、鳴く声、雲居まで聞こゆる、いとめでたし。」の口語訳を答えなさい。,訳語：仰々しい。はなはだしい。 例文の訳：鶴は、とても仰々しい姿であるけれども、鳴く声が、天上まで聞こえるのは、とてもすばらしい。
【左右無し】さうなし - 例文「古くよりこの地を占めたるものならば、さうなく掘り捨てられ難し。」の口語訳を答えなさい。,訳語：ためらわない。無造作だ。 例文の訳：（蛇が）昔からここをすみかとしているのならば、無造作に土を掘って（蛇の塚を）お捨てになるのは難しい。
【所狭し】ところせし - 例文「（紫ノ上ハ人形ヲ）ところせきまで遊びひろげ給へり。」の口語訳を答えなさい。,訳語：いっぱいだ。あふれるくらいだ。 例文の訳：紫の上は人形を（部屋に）いっぱいなくらいまでひろげて遊んでいらっしゃる。
【所狭し】ところせし - 例文「ところせき身こそわびしけれ。軽らかなるほどの殿上人などにてしばしあらばや。」の口語訳を答えなさい。,訳語：窮屈だ。不自由だ。 例文の訳：窮屈な身分はやりきれない。身軽な身分の殿上人などとしてしばらくいたい。
【慎まし】つつまし - 例文「立ち聞き、かいまむ人のけはひして、いといみじくものつつまし。」の口語訳を答えなさい。,訳語：気がひける。気恥ずかしい。 例文の訳：（宮仕え先では個室にいても）立ち聞きをしたり、のぞき見をしたりする人の気配がして、とてもとても何かにつけて気がひける。
【まさなし】 - 例文「何をか奉らむ。まめまめしきものはまさなかりなむ。ゆかしくし給ふなるものを奉らむ。」の口語訳を答えなさい。,訳語：よくない。不都合だ。 例文の訳：何を差し上げようか。実用的なものはきっとよくないだろう。（あなたが）読みたがっていらっしゃるとかいう物語を差し上げよう。
【妬し】ねたし - 例文「殿上人、地下なるも、陣に立ち添ひて見るも、いとねたし。」の口語訳を答えなさい。,訳語：しゃくにさわる。憎らしい。 例文の訳：殿上人や、地下である者も、陣に寄り添って（私たちを）見ているのも、とてもしゃくにさわる。
【まだし】 - 例文「紅葉もまだし。花もみな失せにたり。枯れたる薄ばかりぞ見えつる。」の口語訳を答えなさい。,訳語：まだ時期が早い。時期尚早だ。 例文の訳：紅葉もまだ時期が早い。花もみな散ってしまった。枯れた薄だけが見えた。
【はしたなし】 - 例文「思ほえず、ふるさとにいとはしたなくてありければ、心地惑ひにけり。」の口語訳を答えなさい。,訳語：不釣り合いだ。 例文の訳：思いがけず、古都に（優美な姉妹が）とても不釣り合いなさまでいたので、（男は）気持ちが乱れてしまった。
【はしたなし】 - 例文「はしたなきもの。こと人を呼ぶに、われぞとさし出でたる。」の口語訳を答えなさい。,訳語：きまりが悪い。体裁が悪い。 例文の訳：きまりが悪いもの。違う人を呼んだのに、自分だと思ってすっと顔を出したとき。
【わりなし】 - 例文「人の上いふを腹立つ人こそ、いとわりなけれ。」の口語訳を答えなさい。,訳語：道理に合わない。無理だ。 例文の訳：他人のことをうわさするのに腹を立てる人は、まったく道理に合わない。
【わりなし】 - 例文「女君は、わりなう苦しと思ひ臥したまへり。」の口語訳を答えなさい。,訳語：耐えがたい。つらい。 例文の訳：女君は、耐えがたくつらいと思って横になっていらっしゃる。
【術無し】ずちなし - 例文「今日はずちなし。右の大臣に任せ申す。」の口語訳を答えなさい。,訳語：どうしようもない。しかたがない。 例文の訳：今日はどうしようもない。（閣議は）右大臣にお任せする。
【あへなし】 - 例文「伊成進み寄りて、弘光が手を取りて前ざまへ強く引きたるに、うつ伏しに転びぬ。あへなきことかぎりなし。」の口語訳を答えなさい。,訳語：あっけない。はりあいがない。（今さら）どうしようもない。 例文の訳：伊成が進み寄って、弘光の手を取って前方に強く引いたところ、（弘光は）うつ伏せに転んでしまった。あっけないことこの上もない。
【隈無し】くまなし - 例文「花は盛りに月はくまなきをのみ見るものかは。」の口語訳を答えなさい。,訳語：暗い所がない。かげの部分がない。 例文の訳：桜の花は満開で月は暗い所のない満月だけを観賞するものなのか、いやちがう。
【めざまし】 - 例文「初めより我はと思ひ上がり給へる御方々、めざましきものにおとしめそねみ給ふ。」の口語訳を答えなさい。,訳語：気にくわない。不愉快だ。 例文の訳：（宮仕えの）初めから自分こそは（帝のご寵愛を受けるはずだ）と自負していらっしゃるお妃方は、（桐壺の更衣を）気にくわない者としてさげすみ憎みなさる。
【心付きなし】こころづきなし - 例文「心づきなきことあらん折は、なかなかその由をも言ひてん。」の口語訳を答えなさい。,訳語：気に入らない。気にくわない。 例文の訳：気に入らないことがあるようなときは、かえってそのことを言ってしまう方がよい。
【ゆくりなし】 - 例文「ほかにて酒などまゐり、酔ひて、夜いたく更けて、ゆくりもなくものし給へり。」の口語訳を答えなさい。,訳語：突然だ。思いがけない。 例文の訳：（泉の大将は）よそで酒などを召し上がり、酔って、夜がとても更けてから、（左大臣の邸に）突然お越しになった。
【篤し】あつし - 例文「中宮も御物の怪に悩ませ給ひて、常はあつしうおはしますを、院もいとど晴れ間なく思し嘆く。」の口語訳を答えなさい。,訳語：病状が重い。病弱である。 例文の訳：中宮も物の怪に苦しみなさって、ずっと病状が重くいらっしゃるのを、院もいよいよ心の晴れるときなくお嘆きになる。
【強ちなり】あながちなり - 例文「あながちなる御言かな。この中にはにほへる鼻もなかめり。」の口語訳を答えなさい。,訳語：無理やりだ。強引だ。 例文の訳：（赤鼻の人がいたとは）無理やりなお言葉だなあ。私たちの中には赤くなっている鼻もないようだ。
【なめげなり】 - 例文「受領などの家にも、物の下部などの来て、なめげに言ひ、さりとて我をばいかがせん、など思ひたる、いとねたげなり。」の口語訳を答えなさい。,訳語：無礼だ。無作法だ。 例文の訳：受領などの家に、権力者の召使いなどが来て、無礼に口をきき、だからといって自分をどうにもできないだろう、などと思っているのは、とても憎たらしい。
【なのめなり】 - 例文「男にさへおはしましける喜び、いかがはなのめならむ。」の口語訳を答えなさい。,訳語：並一通りだ。ありきたりだ。 例文の訳：（無事出産し、生まれた子が）その上男の子でもいらっしゃった喜びは、どうして並一通りであろうか。
【おぼろけなり】 - 例文「おぼろけにいそぐことなきは、必ず参り給ふ。」の口語訳を答えなさい。,訳語：並一通りだ。ありきたりだ。 例文の訳：（上達部も）並一通りで急ぐことがないときは、（中宮のもとへ）必ず参上なさる。
【おぼろけなり】 - 例文「おぼろけのよすがならで、人の言にうちなびき、この山里をあくがれ給ふな。」の口語訳を答えなさい。,訳語：並々ではない。格別だ。 例文の訳：並々ではない縁以外に、人の口車に乗せられて、この山里からさまよい出なさってはいけない。
【あやにくなり】 - 例文「逢はじとしけれど、男はあやにくに心ざし深くなりゆく。」の口語訳を答えなさい。,訳語：（思いに反して）ひどい。（思いに反して）はなはだしい。 例文の訳：（女は男に）逢うまいとしたけれど、男はひどく愛情が深くなっていく。
【まめやかなり】 - 例文「ことなる顔かたちなき人は、物まめやかに習ひたるぞよき。」の口語訳を答えなさい。,訳語：まじめだ。本気だ。 例文の訳：格別な美貌の持ち主でない人は、物をまじめに習っているのがよい。
【まめやかなり】 - 例文「まめやかに降れば、笠もなき男ども、ただ引きに引き入れつ。」の口語訳を答えなさい。,訳語：本格的だ。本式だ。 例文の訳：（雨が）本格的に降るので、笠もかぶらない供の男たちが、（牛車を邸内に）ただもう引き入れてしまう。
【切なり】せちなり - 例文「せちに「来」とあらば、行かむ。」の口語訳を答えなさい。,訳語：〔「せちに」の形で〕ひたすら。いちずに。 例文の訳：ひたすら「来い」と言うのならば、行こう。
【よそなり】 - 例文「この大将の君（＝源氏）の、今はとよそになり給はむなむ、飽かずいみじく思ひたまへらるる。」の口語訳を答えなさい。,訳語：無縁だ。無関係だ。 例文の訳：この大将の君が、これで最後と（この家と）無縁におなりになるようなことが、（私には）かぎりなく ひどく悲しく思われるのです。
【うちつけなり】 - 例文「うちつけなる御夢語りにぞはべるなる。」の口語訳を答えなさい。,訳語：突然だ。だしぬけだ。 例文の訳：突然の御夢語りであるようですね。
【頓なり】とみなり - 例文「とみにて求むる物、見出でたる。」の口語訳を答えなさい。,訳語：急だ。 例文の訳：急に（必要になって）探している物を、見つけ出したとき。
【密かなり】みそかなり - 例文「むすめを思ひかけて、みそかに通ひありきけり。」の口語訳を答えなさい。,訳語：ひそかだ。 例文の訳：（男は、友達の）娘を好きになって、ひそかに通い続けた。
【こまやかなり】 - 例文「天屋の何某といふ者、破籠・小竹筒などこまやかにしたためさせ、僕あまた舟に取り乗せて、追風時の間に吹き着きぬ。」の口語訳を答えなさい。,訳語：心を込めている。丁寧だ。 例文の訳：天屋の何某という者が、弁当や酒などを心を込めて用意させ、下僕を大勢舟に乗せて、追風を受けわずかの時間で（種の浜に）吹き着いた。
【らうたげなり】 - 例文「灯台に向かひて寝たる顔どももらうたげなり。」の口語訳を答えなさい。,訳語：かわいらしい。可憐だ。 例文の訳：灯台に向かって寝ている（舞姫たちの）顔もかわいらしい。
【優なり】いうなり - 例文「あら思はずや。東にもこれほど優なる人のありけるよ。」の口語訳を答えなさい。,訳語：優美だ。優れている。 例文の訳：ああ思いがけないことよ。東国にもこれほど優美な人がいたことだよ。
【内裏】うち - 例文「内裏に御遊び始まるを、ただいま参らせ給へ。」の口語訳を答えなさい。,訳語：宮中。内裏。 例文の訳：宮中で詩歌管絃のお遊びが始まるので、すぐ参内ください。
【上】うへ - 例文「うへ、殿上に出でさせ給ひて、御あそびありけり。」の口語訳を答えなさい。,訳語：天皇。帝。 例文の訳：天皇が、殿上の間にお出ましになって、管絃のお遊びがあった。
【上】うへ - 例文「うへは、宮の失せたまひけるをり、さま変へたまひにけり。」の口語訳を答えなさい。,訳語：奥様。奥方。 例文の訳：奥様は、（夫の）宮様がお亡くなりになったとき、出家なさってしまった。
【品】しな - 例文「御方しも、受領の妻にて品定まりておはしまさむよ。」の口語訳を答えなさい。,訳語：身分。家柄。 例文の訳：よりによってお嬢様が、受領の妻として身分が定まってしまわれるだろうよ。
【古里】ふるさと - 例文「世に仕ふるほどの人、たれか一人ふるさとに残りをらむ。」の口語訳を答えなさい。,訳語：古都。旧都。 例文の訳：朝廷に仕える身分の人は、いったいだれが一人でも古都に残っていようか。
【古里】ふるさと - 例文「人はいさ心も知らずふるさとは花ぞ昔の香ににほひける」の口語訳を答えなさい。,訳語：なじみのある土地。 例文の訳：人はさあその心もわからないものだ。しかし、このなじみのある土地は梅の花が昔どおりの香りで咲きほこっていることだなあ。
【心延へ】こころばへ - 例文「そのほど（＝私ノ妊娠中）の心ばへはしも、ねんごろなるやうなりけり。」の口語訳を答えなさい。,訳語：心遣い。配慮。 例文の訳：私の妊娠中の（夫の）心遣いは、心がこもっているようだった。
【隙】ひま - 例文「半蔀は下ろしてけり。ひまひまより見ゆる灯の光、蛍よりけにほのかにあはれなり。」の口語訳を答えなさい。,訳語：すき間。 例文の訳：半蔀は下ろしてしまっていた。すき間すき間から（もれて）見える灯火の光は、蛍（の光）よりいっそうかすかでしみじみとした趣がある。
【僻事】ひがこと - 例文「鶴の大臣殿は、童名たづ君なり。鶴を飼ひ給ひける故にと申すは、僻事なり。」の口語訳を答えなさい。,訳語：間違い。過ち。 例文の訳：鶴の大臣殿は、幼名はたづ君である。鶴をお飼いになっていたからと申すのは、間違いである。
【咎・科】とが - 例文「よろづのとがあらじと思はば、何事にもまことありて、人を分かず、うやうやしく、言葉少なからんにはしかじ。」の口語訳を答えなさい。,訳語：欠点。短所。 例文の訳：すべての欠点をなくしたいと思うのならば、何事にも誠意があって、人を分け隔てず、礼儀正しく、口数が少ないようなのにまさるものはない。
【空言・虚言】そらごと - 例文「世に語り伝ふること、まことはあいなきにや、多くはみなそらごとなり。」の口語訳を答えなさい。,訳語：噓。偽り。 例文の訳：世間で語り伝えていることは、真実はつまらないのであろうか、多くはみな噓である。
【消息】せうそこ - 例文「こはいかに。御消息奉りつるは、御覧ぜざりつるか。」の口語訳を答えなさい。,訳語：手紙。伝言。 例文の訳：これはどうしたことだ。お手紙を差し上げたのは、ご覧にならなかったのか。
【消息】せうそこ - 例文「門さしつ。死ぬるなりけり。消息いひ入るれど、なにのかひなし。」の口語訳を答えなさい。,訳語：訪問。来意を告げること。 例文の訳：（季縄の少将の家は）門を閉じていた。（季縄は）死んだのだった。（公忠は）訪問（して来意）を告げたけれども、なんの意味もない。
【雲居】くもゐ - 例文「かからむ世には、雲居に跡をとどめても何かはし候ふべき。」の口語訳を答えなさい。,訳語：宮中。都。 例文の訳：このような世の中では、宮中にとどまってもどうしようもありません。
【畏まり】かしこまり - 例文「限りなく喜びかしこまり申す。」の口語訳を答えなさい。,訳語：お礼。 例文の訳：（明石の入道は）この上もなく喜び（源氏に）お礼を申し上げる。
【畏まり】かしこまり - 例文「頭の弁うれへ申されたりければ、その折にぞ、御かしこまりにて、しばし籠り居給へりし。」の口語訳を答えなさい。,訳語：謹慎。 例文の訳：（成通の不正を上皇に）頭の弁が訴え申し上げなさったので、その折に、ご謹慎として、（成通は）しばらく家に籠っていらっしゃった。
【世・世の中】よ・よのなか - 例文「心憂きものは世なりけり。」の口語訳を答えなさい。,訳語：男女の仲。夫婦の仲。 例文の訳：恨めしいものは男女の仲であったのだ。
【限り】かぎり - 例文「はかなき御なやみと見ゆれども、かぎりのたびにもおはしますらむ。」の口語訳を答えなさい。,訳語：（人生の）最期。最後。 例文の訳：ちょっとしたご病気と見えるが、最期の時でもいらっしゃるのだろう。
【ここら・そこら】 - 例文「さが尻をかき出でて、ここらの朝廷人に見せて、恥を見せむ。」の口語訳を答えなさい。,訳語：たくさん。 例文の訳：そいつの尻をまくり出して、たくさんの役人に見せて、恥をかかせてやろう。
【互に】かたみに - 例文「かたみに思ひあふことかぎりなし。」の口語訳を答えなさい。,訳語：たがいに。 例文の訳：（男と女は）たがいに愛し合うことこの上もない。
【わざと】 - 例文「わざとかねて外の（桜ノ花ビラ）をも散らして、庭に敷かれたりけるにや。」の口語訳を答えなさい。,訳語：わざわざ。 例文の訳：わざわざ前もって外の桜の花びらをも散らして、庭に敷かれたのであろうか。
【うたて】 - 例文「うたて、なにしに、さ申しつらむ。」の口語訳を答えなさい。,訳語：いやなことに。不快に。 例文の訳：いやなことに、どうして、（私は）あんな風に申し上げてしまったのだろうか。
【予ねて】かねて - 例文「死期はついでを待たず。死は前よりしも来らず。かねて後ろに迫れり。」の口語訳を答えなさい。,訳語：前もって。前から。 例文の訳：（人の）死ぬ時期は順序を待たない。死は必ずしも前からやって来ない。前もって背後に迫っている。
【やをら】 - 例文「人の臥したるを、奥の方よりやをらのぞいたるも、いとをかし。」の口語訳を答えなさい。,訳語：そっと。静かに。 例文の訳：人が寝ているのを、奥の方からそっとのぞいているのも、とてもおもしろい。
【夜もすがら】よもすがら - 例文「二十八日、よもすがら雨やまず。今朝も。」の口語訳を答えなさい。,訳語：一晩中。夜通し。 例文の訳：二十八日、一晩中雨が止まない。今朝も（降っている）。
【ゆめ・ゆめゆめ～打消】 - 例文「御よろこびなど言ひおこする人も、かへりては弄ずる心地して、ゆめうれしからず。」の口語訳を答えなさい。,訳語：まったく～ない。少しも～ない。 例文の訳：（夫の大納言昇進の）お祝いなど言って寄こす人も、逆にからかっている感じがして、（私は）まったくうれしくない。
【ゆめ・ゆめゆめ～禁止】 - 例文「関白をば次第のままにせさせ給へ。ゆめゆめ違へさせ給ふな。」の口語訳を答えなさい。,訳語：決して～（し）てはいけない。断じて～（し）てはいけない。 例文の訳：関白職は（兄弟の）順序に任命して下さい。決して違反なさってはいけない。
【をさをさ～打消】 - 例文「冬枯れのけしきこそ、秋にはをさをさ劣るまじけれ。」の口語訳を答えなさい。,訳語：ほとんど～ない。めったに～ない。 例文の訳：冬枯れの様子は、秋にはほとんど劣らないだろう。
【あなかま】 - 例文「あなかま、人に聞かすな。いとをかしげなる猫なり。飼はむ。」の口語訳を答えなさい。,訳語：しっ、静かに。ああ、うるさい。 例文の訳：しっ、静かに、人に聞かせてはいけない。とてもかわいらしい猫だ。飼おう。
【徒歩より】かちより - 例文「仁和寺にある法師、年寄るまで石清水を拝まざりければ、心憂くおぼえて、ある時思ひ立ちて、ただひとり徒歩より詣でけり。」の口語訳を答えなさい。,訳語：歩いて。徒歩で。 例文の訳：仁和寺にいる法師が、年を取るまで石清水八幡宮に参拝したことがなかったので、恨めしく思われて、ある時決心して、ただひとりで歩いて参詣した。
【けしからず】 - 例文「木霊などいふ、けしからぬかたちも現るるものなり。」の口語訳を答えなさい。,訳語：異様だ。変だ。 例文の訳：（主人のいない家には）木霊などという、異様な物も現れるものである。
